<?xml version="1.0" encoding="utf-8"?>
<ManagedExtension xmlns:xsi="http://www.w3.org/2001/XMLSchema-instance" xmlns:xsd="http://www.w3.org/2001/XMLSchema" Name="ResolveLinks">
  <AdminPage />
  <Author>BlogEngine.NET</Author>
  <Description>Auto resolves URLs in the comments and turn them into valid hyperlinks.</Description>
  <Enabled>true</Enabled>
  <Priority>0</Priority>
  <SubBlogEnabled>false</SubBlogEnabled>
  <ShowSettings>true</ShowSettings>
  <Version>1.5</Version>
</ManagedExtension>