<?xml version="1.0" encoding="utf-8"?>
<ManagedExtension xmlns:xsi="http://www.w3.org/2001/XMLSchema-instance" xmlns:xsd="http://www.w3.org/2001/XMLSchema" Name="SimpleCaptcha">
  <AdminPage />
  <Author>&lt;a href="http://www.aaronstannard.com"&gt;Aaron Stannard&lt;/a&gt;</Author>
  <Description>Settings for the SimpleCaptcha control</Description>
  <Enabled>true</Enabled>
  <Priority>0</Priority>
  <SubBlogEnabled>false</SubBlogEnabled>
  <Settings>
    <Delimiter>44</Delimiter>
    <Help>To get started with SimpleCaptcha, just provide some captcha instructions for your users in the &lt;b&gt;CaptchaLabel&lt;/b&gt;
                                field and the value you require from your users in order to post a comment in the &lt;b&gt;CaptchaAnswer&lt;/b&gt; field.</Help>
    <Hidden>false</Hidden>
    <Index>0</Index>
    <IsScalar>true</IsScalar>
    <KeyField>CaptchaLabel</KeyField>
    <Name>SimpleCaptcha</Name>
    <Parameters>
      <KeyField>true</KeyField>
      <Label>Your captcha's label</Label>
      <MaxLength>30</MaxLength>
      <Name>CaptchaLabel</Name>
      <ParamType>String</ParamType>
      <Required>true</Required>
      <SelectedValue />
      <Values>5+5 = </Values>
    </Parameters>
    <Parameters>
      <KeyField>true</KeyField>
      <Label>Your captcha's expected value</Label>
      <MaxLength>30</MaxLength>
      <Name>CaptchaAnswer</Name>
      <ParamType>String</ParamType>
      <Required>true</Required>
      <SelectedValue />
      <Values>10</Values>
    </Parameters>
    <Parameters>
      <KeyField>false</KeyField>
      <Label>Show Captcha For Authenticated Users</Label>
      <MaxLength>1</MaxLength>
      <Name>ShowForAuthenticatedUsers</Name>
      <ParamType>Boolean</ParamType>
      <Required>true</Required>
      <SelectedValue />
      <Values>False</Values>
    </Parameters>
    <ShowAdd>true</ShowAdd>
    <ShowDelete>true</ShowDelete>
    <ShowEdit>true</ShowEdit>
    <BlogId>96d5b379-7e1d-4dac-a6ba-1e50db561b04</BlogId>
  </Settings>
  <ShowSettings>true</ShowSettings>
  <Version>1.0</Version>
</ManagedExtension>